Copyright 1986-2020 Xilinx, Inc. All Rights Reserved.
--------------------------------------------------------------------------------------------------------------------------------------------------------------------------------------------------------------------------
| Tool Version : Vivado v.2020.1 (win64) Build 2902540 Wed May 27 19:54:49 MDT 2020
| Date         : Sat Apr 11 17:24:49 2026
| Host         : DESKTOP-9AV3E5K running 64-bit major release  (build 9200)
| Command      : report_timing_summary -max_paths 10 -file TopLevelProcessor_timing_summary_routed.rpt -pb TopLevelProcessor_timing_summary_routed.pb -rpx TopLevelProcessor_timing_summary_routed.rpx -warn_on_violation
| Design       : TopLevelProcessor
| Device       : 7a35t-cpg236
| Speed File   : -1  PRODUCTION 1.23 2018-06-13
--------------------------------------------------------------------------------------------------------------------------------------------------------------------------------------------------------------------------

Timing Summary Report

------------------------------------------------------------------------------------------------
| Timer Settings
| --------------
------------------------------------------------------------------------------------------------

  Enable Multi Corner Analysis               :  Yes
  Enable Pessimism Removal                   :  Yes
  Pessimism Removal Resolution               :  Nearest Common Node
  Enable Input Delay Default Clock           :  No
  Enable Preset / Clear Arcs                 :  No
  Disable Flight Delays                      :  No
  Ignore I/O Paths                           :  No
  Timing Early Launch at Borrowing Latches   :  No
  Borrow Time for Max Delay Exceptions       :  Yes
  Merge Timing Exceptions                    :  Yes

  Corner  Analyze    Analyze    
  Name    Max Paths  Min Paths  
  ------  ---------  ---------  
  Slow    Yes        Yes        
  Fast    Yes        Yes        



check_timing report

Table of Contents
-----------------
1. checking no_clock (483)
2. checking constant_clock (0)
3. checking pulse_width_clock (0)
4. checking unconstrained_internal_endpoints (3206)
5. checking no_input_delay (17)
6. checking no_output_delay (27)
7. checking multiple_clock (0)
8. checking generated_clocks (0)
9. checking loops (0)
10. checking partial_input_delay (0)
11. checking partial_output_delay (0)
12. checking latch_loops (0)

1. checking no_clock (483)
--------------------------
 There are 483 register/latch pins with no clock driven by root clock pin: clk_div_inst/clk_d_reg/Q (HIGH)


2. checking constant_clock (0)
------------------------------
 There are 0 register/latch pins with constant_clock.


3. checking pulse_width_clock (0)
---------------------------------
 There are 0 register/latch pins which need pulse_width check


4. checking unconstrained_internal_endpoints (3206)
---------------------------------------------------
 There are 3206 pins that are not constrained for maximum delay. (HIGH)

 There are 0 pins that are not constrained for maximum delay due to constant clock.


5. checking no_input_delay (17)
-------------------------------
 There are 17 input ports with no input delay specified. (HIGH)

 There are 0 input ports with no input delay but user has a false path constraint.


6. checking no_output_delay (27)
--------------------------------
 There are 27 ports with no output delay specified. (HIGH)

 There are 0 ports with no output delay but user has a false path constraint

 There are 0 ports with no output delay but with a timing clock defined on it or propagating through it


7. checking multiple_clock (0)
------------------------------
 There are 0 register/latch pins with multiple clocks.


8. checking generated_clocks (0)
--------------------------------
 There are 0 generated clocks that are not connected to a clock source.


9. checking loops (0)
---------------------
 There are 0 combinational loops in the design.


10. checking partial_input_delay (0)
------------------------------------
 There are 0 input ports with partial input delay specified.


11. checking partial_output_delay (0)
-------------------------------------
 There are 0 ports with partial output delay specified.


12. checking latch_loops (0)
----------------------------
 There are 0 combinational latch loops in the design through latch input



------------------------------------------------------------------------------------------------
| Design Timing Summary
| ---------------------
------------------------------------------------------------------------------------------------

    WNS(ns)      TNS(ns)  TNS Failing Endpoints  TNS Total Endpoints      WHS(ns)      THS(ns)  THS Failing Endpoints  THS Total Endpoints     WPWS(ns)     TPWS(ns)  TPWS Failing Endpoints  TPWS Total Endpoints  
    -------      -------  ---------------------  -------------------      -------      -------  ---------------------  -------------------     --------     --------  ----------------------  --------------------  
      5.203        0.000                      0                   70        0.261        0.000                      0                   70        4.500        0.000                       0                    46  


All user specified timing constraints are met.


------------------------------------------------------------------------------------------------
| Clock Summary
| -------------
------------------------------------------------------------------------------------------------

Clock        Waveform(ns)       Period(ns)      Frequency(MHz)
-----        ------------       ----------      --------------
sys_clk_pin  {0.000 5.000}      10.000          100.000         


------------------------------------------------------------------------------------------------
| Intra Clock Table
| -----------------
------------------------------------------------------------------------------------------------

Clock             WNS(ns)      TNS(ns)  TNS Failing Endpoints  TNS Total Endpoints      WHS(ns)      THS(ns)  THS Failing Endpoints  THS Total Endpoints     WPWS(ns)     TPWS(ns)  TPWS Failing Endpoints  TPWS Total Endpoints  
-----             -------      -------  ---------------------  -------------------      -------      -------  ---------------------  -------------------     --------     --------  ----------------------  --------------------  
sys_clk_pin         5.203        0.000                      0                   70        0.261        0.000                      0                   70        4.500        0.000                       0                    46  


------------------------------------------------------------------------------------------------
| Inter Clock Table
| -----------------
------------------------------------------------------------------------------------------------

From Clock    To Clock          WNS(ns)      TNS(ns)  TNS Failing Endpoints  TNS Total Endpoints      WHS(ns)      THS(ns)  THS Failing Endpoints  THS Total Endpoints  
----------    --------          -------      -------  ---------------------  -------------------      -------      -------  ---------------------  -------------------  


------------------------------------------------------------------------------------------------
| Other Path Groups Table
| -----------------------
------------------------------------------------------------------------------------------------

Path Group    From Clock    To Clock          WNS(ns)      TNS(ns)  TNS Failing Endpoints  TNS Total Endpoints      WHS(ns)      THS(ns)  THS Failing Endpoints  THS Total Endpoints  
----------    ----------    --------          -------      -------  ---------------------  -------------------      -------      -------  ---------------------  -------------------  


------------------------------------------------------------------------------------------------
| Timing Details
| --------------
------------------------------------------------------------------------------------------------


---------------------------------------------------------------------------------------------------
From Clock:  sys_clk_pin
  To Clock:  sys_clk_pin

Setup :            0  Failing Endpoints,  Worst Slack        5.203ns,  Total Violation        0.000ns
Hold  :            0  Failing Endpoints,  Worst Slack        0.261ns,  Total Violation        0.000ns
PW    :            0  Failing Endpoints,  Worst Slack        4.500ns,  Total Violation        0.000ns
---------------------------------------------------------------------------------------------------


Max Delay Paths
--------------------------------------------------------------------------------------
Slack (MET) :             5.203ns  (required time - arrival time)
  Source:                 clk_div_inst/count_reg[19]/C
                            (rising edge-triggered cell FDRE clocked by sys_clk_pin  {rise@0.000ns fall@5.000ns period=10.000ns})
  Destination:            clk_div_inst/count_reg[25]/R
                            (rising edge-triggered cell FDRE clocked by sys_clk_pin  {rise@0.000ns fall@5.000ns period=10.000ns})
  Path Group:             sys_clk_pin
  Path Type:              Setup (Max at Slow Process Corner)
  Requirement:            10.000ns  (sys_clk_pin rise@10.000ns - sys_clk_pin rise@0.000ns)
  Data Path Delay:        4.308ns  (logic 0.952ns (22.097%)  route 3.356ns (77.903%))
  Logic Levels:           4  (LUT4=1 LUT5=1 LUT6=2)
  Clock Path Skew:        -0.024ns (DCD - SCD + CPR)
    Destination Clock Delay (DCD):    4.786ns = ( 14.786 - 10.000 ) 
    Source Clock Delay      (SCD):    5.085ns
    Clock Pessimism Removal (CPR):    0.275ns
  Clock Uncertainty:      0.035ns  ((TSJ^2 + TIJ^2)^1/2 + DJ) / 2 + PE
    Total System Jitter     (TSJ):    0.071ns
    Total Input Jitter      (TIJ):    0.000ns
    Discrete Jitter          (DJ):    0.000ns
    Phase Error              (PE):    0.000ns

    Location             Delay type                Incr(ns)  Path(ns)    Netlist Resource(s)
  -------------------------------------------------------------------    -------------------
                         (clock sys_clk_pin rise edge)
                                                      0.000     0.000 r  
    W5                                                0.000     0.000 r  clk (IN)
                         net (fo=0)                   0.000     0.000    clk
    W5                   IBUF (Prop_ibuf_I_O)         1.458     1.458 r  clk_IBUF_inst/O
                         net (fo=1, routed)           1.967     3.425    clk_IBUF
    BUFGCTRL_X0Y1        BUFG (Prop_bufg_I_O)         0.096     3.521 r  clk_IBUF_BUFG_inst/O
                         net (fo=45, routed)          1.564     5.085    clk_div_inst/clk_IBUF_BUFG
    SLICE_X35Y46         FDRE                                         r  clk_div_inst/count_reg[19]/C
  -------------------------------------------------------------------    -------------------
    SLICE_X35Y46         FDRE (Prop_fdre_C_Q)         0.456     5.541 r  clk_div_inst/count_reg[19]/Q
                         net (fo=2, routed)           0.854     6.395    clk_div_inst/count_reg_n_0_[19]
    SLICE_X34Y46         LUT4 (Prop_lut4_I0_O)        0.124     6.519 f  clk_div_inst/count[25]_i_8/O
                         net (fo=1, routed)           0.593     7.112    clk_div_inst/count[25]_i_8_n_0
    SLICE_X34Y45         LUT5 (Prop_lut5_I4_O)        0.124     7.236 f  clk_div_inst/count[25]_i_7/O
                         net (fo=1, routed)           0.431     7.667    clk_div_inst/count[25]_i_7_n_0
    SLICE_X34Y43         LUT6 (Prop_lut6_I5_O)        0.124     7.791 f  clk_div_inst/count[25]_i_4/O
                         net (fo=1, routed)           0.452     8.243    clk_div_inst/count[25]_i_4_n_0
    SLICE_X34Y43         LUT6 (Prop_lut6_I0_O)        0.124     8.367 r  clk_div_inst/count[25]_i_3/O
                         net (fo=26, routed)          1.027     9.394    clk_div_inst/count[25]_i_1_n_0
    SLICE_X35Y48         FDRE                                         r  clk_div_inst/count_reg[25]/R
  -------------------------------------------------------------------    -------------------

                         (clock sys_clk_pin rise edge)
                                                     10.000    10.000 r  
    W5                                                0.000    10.000 r  clk (IN)
                         net (fo=0)                   0.000    10.000    clk
    W5                   IBUF (Prop_ibuf_I_O)         1.388    11.388 r  clk_IBUF_inst/O
                         net (fo=1, routed)           1.862    13.250    clk_IBUF
    BUFGCTRL_X0Y1        BUFG (Prop_bufg_I_O)         0.091    13.341 r  clk_IBUF_BUFG_inst/O
                         net (fo=45, routed)          1.445    14.786    clk_div_inst/clk_IBUF_BUFG
    SLICE_X35Y48         FDRE                                         r  clk_div_inst/count_reg[25]/C
                         clock pessimism              0.275    15.061    
                         clock uncertainty           -0.035    15.026    
    SLICE_X35Y48         FDRE (Setup_fdre_C_R)       -0.429    14.597    clk_div_inst/count_reg[25]
  -------------------------------------------------------------------
                         required time                         14.597    
                         arrival time                          -9.394    
  -------------------------------------------------------------------
                         slack                                  5.203    

Slack (MET) :             5.342ns  (required time - arrival time)
  Source:                 clk_div_inst/count_reg[19]/C
                            (rising edge-triggered cell FDRE clocked by sys_clk_pin  {rise@0.000ns fall@5.000ns period=10.000ns})
  Destination:            clk_div_inst/count_reg[21]/R
                            (rising edge-triggered cell FDRE clocked by sys_clk_pin  {rise@0.000ns fall@5.000ns period=10.000ns})
  Path Group:             sys_clk_pin
  Path Type:              Setup (Max at Slow Process Corner)
  Requirement:            10.000ns  (sys_clk_pin rise@10.000ns - sys_clk_pin rise@0.000ns)
  Data Path Delay:        4.170ns  (logic 0.952ns (22.831%)  route 3.218ns (77.169%))
  Logic Levels:           4  (LUT4=1 LUT5=1 LUT6=2)
  Clock Path Skew:        -0.024ns (DCD - SCD + CPR)
    Destination Clock Delay (DCD):    4.786ns = ( 14.786 - 10.000 ) 
    Source Clock Delay      (SCD):    5.085ns
    Clock Pessimism Removal (CPR):    0.275ns
  Clock Uncertainty:      0.035ns  ((TSJ^2 + TIJ^2)^1/2 + DJ) / 2 + PE
    Total System Jitter     (TSJ):    0.071ns
    Total Input Jitter      (TIJ):    0.000ns
    Discrete Jitter          (DJ):    0.000ns
    Phase Error              (PE):    0.000ns

    Location             Delay type                Incr(ns)  Path(ns)    Netlist Resource(s)
  -------------------------------------------------------------------    -------------------
                         (clock sys_clk_pin rise edge)
                                                      0.000     0.000 r  
    W5                                                0.000     0.000 r  clk (IN)
                         net (fo=0)                   0.000     0.000    clk
    W5                   IBUF (Prop_ibuf_I_O)         1.458     1.458 r  clk_IBUF_inst/O
                         net (fo=1, routed)           1.967     3.425    clk_IBUF
    BUFGCTRL_X0Y1        BUFG (Prop_bufg_I_O)         0.096     3.521 r  clk_IBUF_BUFG_inst/O
                         net (fo=45, routed)          1.564     5.085    clk_div_inst/clk_IBUF_BUFG
    SLICE_X35Y46         FDRE                                         r  clk_div_inst/count_reg[19]/C
  -------------------------------------------------------------------    -------------------
    SLICE_X35Y46         FDRE (Prop_fdre_C_Q)         0.456     5.541 r  clk_div_inst/count_reg[19]/Q
                         net (fo=2, routed)           0.854     6.395    clk_div_inst/count_reg_n_0_[19]
    SLICE_X34Y46         LUT4 (Prop_lut4_I0_O)        0.124     6.519 f  clk_div_inst/count[25]_i_8/O
                         net (fo=1, routed)           0.593     7.112    clk_div_inst/count[25]_i_8_n_0
    SLICE_X34Y45         LUT5 (Prop_lut5_I4_O)        0.124     7.236 f  clk_div_inst/count[25]_i_7/O
                         net (fo=1, routed)           0.431     7.667    clk_div_inst/count[25]_i_7_n_0
    SLICE_X34Y43         LUT6 (Prop_lut6_I5_O)        0.124     7.791 f  clk_div_inst/count[25]_i_4/O
                         net (fo=1, routed)           0.452     8.243    clk_div_inst/count[25]_i_4_n_0
    SLICE_X34Y43         LUT6 (Prop_lut6_I0_O)        0.124     8.367 r  clk_div_inst/count[25]_i_3/O
                         net (fo=26, routed)          0.888     9.255    clk_div_inst/count[25]_i_1_n_0
    SLICE_X35Y47         FDRE                                         r  clk_div_inst/count_reg[21]/R
  -------------------------------------------------------------------    -------------------

                         (clock sys_clk_pin rise edge)
                                                     10.000    10.000 r  
    W5                                                0.000    10.000 r  clk (IN)
                         net (fo=0)                   0.000    10.000    clk
    W5                   IBUF (Prop_ibuf_I_O)         1.388    11.388 r  clk_IBUF_inst/O
                         net (fo=1, routed)           1.862    13.250    clk_IBUF
    BUFGCTRL_X0Y1        BUFG (Prop_bufg_I_O)         0.091    13.341 r  clk_IBUF_BUFG_inst/O
                         net (fo=45, routed)          1.445    14.786    clk_div_inst/clk_IBUF_BUFG
    SLICE_X35Y47         FDRE                                         r  clk_div_inst/count_reg[21]/C
                         clock pessimism              0.275    15.061    
                         clock uncertainty           -0.035    15.026    
    SLICE_X35Y47         FDRE (Setup_fdre_C_R)       -0.429    14.597    clk_div_inst/count_reg[21]
  -------------------------------------------------------------------
                         required time                         14.597    
                         arrival time                          -9.255    
  -------------------------------------------------------------------
                         slack                                  5.342    

Slack (MET) :             5.342ns  (required time - arrival time)
  Source:                 clk_div_inst/count_reg[19]/C
                            (rising edge-triggered cell FDRE clocked by sys_clk_pin  {rise@0.000ns fall@5.000ns period=10.000ns})
  Destination:            clk_div_inst/count_reg[22]/R
                            (rising edge-triggered cell FDRE clocked by sys_clk_pin  {rise@0.000ns fall@5.000ns period=10.000ns})
  Path Group:             sys_clk_pin
  Path Type:              Setup (Max at Slow Process Corner)
  Requirement:            10.000ns  (sys_clk_pin rise@10.000ns - sys_clk_pin rise@0.000ns)
  Data Path Delay:        4.170ns  (logic 0.952ns (22.831%)  route 3.218ns (77.169%))
  Logic Levels:           4  (LUT4=1 LUT5=1 LUT6=2)
  Clock Path Skew:        -0.024ns (DCD - SCD + CPR)
    Destination Clock Delay (DCD):    4.786ns = ( 14.786 - 10.000 ) 
    Source Clock Delay      (SCD):    5.085ns
    Clock Pessimism Removal (CPR):    0.275ns
  Clock Uncertainty:      0.035ns  ((TSJ^2 + TIJ^2)^1/2 + DJ) / 2 + PE
    Total System Jitter     (TSJ):    0.071ns
    Total Input Jitter      (TIJ):    0.000ns
    Discrete Jitter          (DJ):    0.000ns
    Phase Error              (PE):    0.000ns

    Location             Delay type                Incr(ns)  Path(ns)    Netlist Resource(s)
  -------------------------------------------------------------------    -------------------
                         (clock sys_clk_pin rise edge)
                                                      0.000     0.000 r  
    W5                                                0.000     0.000 r  clk (IN)
                         net (fo=0)                   0.000     0.000    clk
    W5                   IBUF (Prop_ibuf_I_O)         1.458     1.458 r  clk_IBUF_inst/O
                         net (fo=1, routed)           1.967     3.425    clk_IBUF
    BUFGCTRL_X0Y1        BUFG (Prop_bufg_I_O)         0.096     3.521 r  clk_IBUF_BUFG_inst/O
                         net (fo=45, routed)          1.564     5.085    clk_div_inst/clk_IBUF_BUFG
    SLICE_X35Y46         FDRE                                         r  clk_div_inst/count_reg[19]/C
  -------------------------------------------------------------------    -------------------
    SLICE_X35Y46         FDRE (Prop_fdre_C_Q)         0.456     5.541 r  clk_div_inst/count_reg[19]/Q
                         net (fo=2, routed)           0.854     6.395    clk_div_inst/count_reg_n_0_[19]
    SLICE_X34Y46         LUT4 (Prop_lut4_I0_O)        0.124     6.519 f  clk_div_inst/count[25]_i_8/O
                         net (fo=1, routed)           0.593     7.112    clk_div_inst/count[25]_i_8_n_0
    SLICE_X34Y45         LUT5 (Prop_lut5_I4_O)        0.124     7.236 f  clk_div_inst/count[25]_i_7/O
                         net (fo=1, routed)           0.431     7.667    clk_div_inst/count[25]_i_7_n_0
    SLICE_X34Y43         LUT6 (Prop_lut6_I5_O)        0.124     7.791 f  clk_div_inst/count[25]_i_4/O
                         net (fo=1, routed)           0.452     8.243    clk_div_inst/count[25]_i_4_n_0
    SLICE_X34Y43         LUT6 (Prop_lut6_I0_O)        0.124     8.367 r  clk_div_inst/count[25]_i_3/O
                         net (fo=26, routed)          0.888     9.255    clk_div_inst/count[25]_i_1_n_0
    SLICE_X35Y47         FDRE                                         r  clk_div_inst/count_reg[22]/R
  -------------------------------------------------------------------    -------------------

                         (clock sys_clk_pin rise edge)
                                                     10.000    10.000 r  
    W5                                                0.000    10.000 r  clk (IN)
                         net (fo=0)                   0.000    10.000    clk
    W5                   IBUF (Prop_ibuf_I_O)         1.388    11.388 r  clk_IBUF_inst/O
                         net (fo=1, routed)           1.862    13.250    clk_IBUF
    BUFGCTRL_X0Y1        BUFG (Prop_bufg_I_O)         0.091    13.341 r  clk_IBUF_BUFG_inst/O
                         net (fo=45, routed)          1.445    14.786    clk_div_inst/clk_IBUF_BUFG
    SLICE_X35Y47         FDRE                                         r  clk_div_inst/count_reg[22]/C
                         clock pessimism              0.275    15.061    
                         clock uncertainty           -0.035    15.026    
    SLICE_X35Y47         FDRE (Setup_fdre_C_R)       -0.429    14.597    clk_div_inst/count_reg[22]
  -------------------------------------------------------------------
                         required time                         14.597    
                         arrival time                          -9.255    
  -------------------------------------------------------------------
                         slack                                  5.342    

Slack (MET) :             5.342ns  (required time - arrival time)
  Source:                 clk_div_inst/count_reg[19]/C
                            (rising edge-triggered cell FDRE clocked by sys_clk_pin  {rise@0.000ns fall@5.000ns period=10.000ns})
  Destination:            clk_div_inst/count_reg[23]/R
                            (rising edge-triggered cell FDRE clocked by sys_clk_pin  {rise@0.000ns fall@5.000ns period=10.000ns})
  Path Group:             sys_clk_pin
  Path Type:              Setup (Max at Slow Process Corner)
  Requirement:            10.000ns  (sys_clk_pin rise@10.000ns - sys_clk_pin rise@0.000ns)
  Data Path Delay:        4.170ns  (logic 0.952ns (22.831%)  route 3.218ns (77.169%))
  Logic Levels:           4  (LUT4=1 LUT5=1 LUT6=2)
  Clock Path Skew:        -0.024ns (DCD - SCD + CPR)
    Destination Clock Delay (DCD):    4.786ns = ( 14.786 - 10.000 ) 
    Source Clock Delay      (SCD):    5.085ns
    Clock Pessimism Removal (CPR):    0.275ns
  Clock Uncertainty:      0.035ns  ((TSJ^2 + TIJ^2)^1/2 + DJ) / 2 + PE
    Total System Jitter     (TSJ):    0.071ns
    Total Input Jitter      (TIJ):    0.000ns
    Discrete Jitter          (DJ):    0.000ns
    Phase Error              (PE):    0.000ns

    Location             Delay type                Incr(ns)  Path(ns)    Netlist Resource(s)
  -------------------------------------------------------------------    -------------------
                         (clock sys_clk_pin rise edge)
                                                      0.000     0.000 r  
    W5                                                0.000     0.000 r  clk (IN)
                         net (fo=0)                   0.000     0.000    clk
    W5                   IBUF (Prop_ibuf_I_O)         1.458     1.458 r  clk_IBUF_inst/O
                         net (fo=1, routed)           1.967     3.425    clk_IBUF
    BUFGCTRL_X0Y1        BUFG (Prop_bufg_I_O)         0.096     3.521 r  clk_IBUF_BUFG_inst/O
                         net (fo=45, routed)          1.564     5.085    clk_div_inst/clk_IBUF_BUFG
    SLICE_X35Y46         FDRE                                         r  clk_div_inst/count_reg[19]/C
  -------------------------------------------------------------------    -------------------
    SLICE_X35Y46         FDRE (Prop_fdre_C_Q)         0.456     5.541 r  clk_div_inst/count_reg[19]/Q
                         net (fo=2, routed)           0.854     6.395    clk_div_inst/count_reg_n_0_[19]
    SLICE_X34Y46         LUT4 (Prop_lut4_I0_O)        0.124     6.519 f  clk_div_inst/count[25]_i_8/O
                         net (fo=1, routed)           0.593     7.112    clk_div_inst/count[25]_i_8_n_0
    SLICE_X34Y45         LUT5 (Prop_lut5_I4_O)        0.124     7.236 f  clk_div_inst/count[25]_i_7/O
                         net (fo=1, routed)           0.431     7.667    clk_div_inst/count[25]_i_7_n_0
    SLICE_X34Y43         LUT6 (Prop_lut6_I5_O)        0.124     7.791 f  clk_div_inst/count[25]_i_4/O
                         net (fo=1, routed)           0.452     8.243    clk_div_inst/count[25]_i_4_n_0
    SLICE_X34Y43         LUT6 (Prop_lut6_I0_O)        0.124     8.367 r  clk_div_inst/count[25]_i_3/O
                         net (fo=26, routed)          0.888     9.255    clk_div_inst/count[25]_i_1_n_0
    SLICE_X35Y47         FDRE                                         r  clk_div_inst/count_reg[23]/R
  -------------------------------------------------------------------    -------------------

                         (clock sys_clk_pin rise edge)
                                                     10.000    10.000 r  
    W5                                                0.000    10.000 r  clk (IN)
                         net (fo=0)                   0.000    10.000    clk
    W5                   IBUF (Prop_ibuf_I_O)         1.388    11.388 r  clk_IBUF_inst/O
                         net (fo=1, routed)           1.862    13.250    clk_IBUF
    BUFGCTRL_X0Y1        BUFG (Prop_bufg_I_O)         0.091    13.341 r  clk_IBUF_BUFG_inst/O
                         net (fo=45, routed)          1.445    14.786    clk_div_inst/clk_IBUF_BUFG
    SLICE_X35Y47         FDRE                                         r  clk_div_inst/count_reg[23]/C
                         clock pessimism              0.275    15.061    
                         clock uncertainty           -0.035    15.026    
    SLICE_X35Y47         FDRE (Setup_fdre_C_R)       -0.429    14.597    clk_div_inst/count_reg[23]
  -------------------------------------------------------------------
                         required time                         14.597    
                         arrival time                          -9.255    
  -------------------------------------------------------------------
                         slack                                  5.342    

Slack (MET) :             5.342ns  (required time - arrival time)
  Source:                 clk_div_inst/count_reg[19]/C
                            (rising edge-triggered cell FDRE clocked by sys_clk_pin  {rise@0.000ns fall@5.000ns period=10.000ns})
  Destination:            clk_div_inst/count_reg[24]/R
                            (rising edge-triggered cell FDRE clocked by sys_clk_pin  {rise@0.000ns fall@5.000ns period=10.000ns})
  Path Group:             sys_clk_pin
  Path Type:              Setup (Max at Slow Process Corner)
  Requirement:            10.000ns  (sys_clk_pin rise@10.000ns - sys_clk_pin rise@0.000ns)
  Data Path Delay:        4.170ns  (logic 0.952ns (22.831%)  route 3.218ns (77.169%))
  Logic Levels:           4  (LUT4=1 LUT5=1 LUT6=2)
  Clock Path Skew:        -0.024ns (DCD - SCD + CPR)
    Destination Clock Delay (DCD):    4.786ns = ( 14.786 - 10.000 ) 
    Source Clock Delay      (SCD):    5.085ns
    Clock Pessimism Removal (CPR):    0.275ns
  Clock Uncertainty:      0.035ns  ((TSJ^2 + TIJ^2)^1/2 + DJ) / 2 + PE
    Total System Jitter     (TSJ):    0.071ns
    Total Input Jitter      (TIJ):    0.000ns
    Discrete Jitter          (DJ):    0.000ns
    Phase Error              (PE):    0.000ns

    Location             Delay type                Incr(ns)  Path(ns)    Netlist Resource(s)
  -------------------------------------------------------------------    -------------------
                         (clock sys_clk_pin rise edge)
                                                      0.000     0.000 r  
    W5                                                0.000     0.000 r  clk (IN)
                         net (fo=0)                   0.000     0.000    clk
    W5                   IBUF (Prop_ibuf_I_O)         1.458     1.458 r  clk_IBUF_inst/O
                         net (fo=1, routed)           1.967     3.425    clk_IBUF
    BUFGCTRL_X0Y1        BUFG (Prop_bufg_I_O)         0.096     3.521 r  clk_IBUF_BUFG_inst/O
                         net (fo=45, routed)          1.564     5.085    clk_div_inst/clk_IBUF_BUFG
    SLICE_X35Y46         FDRE                                         r  clk_div_inst/count_reg[19]/C
  -------------------------------------------------------------------    -------------------
    SLICE_X35Y46         FDRE (Prop_fdre_C_Q)         0.456     5.541 r  clk_div_inst/count_reg[19]/Q
                         net (fo=2, routed)           0.854     6.395    clk_div_inst/count_reg_n_0_[19]
    SLICE_X34Y46         LUT4 (Prop_lut4_I0_O)        0.124     6.519 f  clk_div_inst/count[25]_i_8/O
                         net (fo=1, routed)           0.593     7.112    clk_div_inst/count[25]_i_8_n_0
    SLICE_X34Y45         LUT5 (Prop_lut5_I4_O)        0.124     7.236 f  clk_div_inst/count[25]_i_7/O
                         net (fo=1, routed)           0.431     7.667    clk_div_inst/count[25]_i_7_n_0
    SLICE_X34Y43         LUT6 (Prop_lut6_I5_O)        0.124     7.791 f  clk_div_inst/count[25]_i_4/O
                         net (fo=1, routed)           0.452     8.243    clk_div_inst/count[25]_i_4_n_0
    SLICE_X34Y43         LUT6 (Prop_lut6_I0_O)        0.124     8.367 r  clk_div_inst/count[25]_i_3/O
                         net (fo=26, routed)          0.888     9.255    clk_div_inst/count[25]_i_1_n_0
    SLICE_X35Y47         FDRE                                         r  clk_div_inst/count_reg[24]/R
  -------------------------------------------------------------------    -------------------

                         (clock sys_clk_pin rise edge)
                                                     10.000    10.000 r  
    W5                                                0.000    10.000 r  clk (IN)
                         net (fo=0)                   0.000    10.000    clk
    W5                   IBUF (Prop_ibuf_I_O)         1.388    11.388 r  clk_IBUF_inst/O
                         net (fo=1, routed)           1.862    13.250    clk_IBUF
    BUFGCTRL_X0Y1        BUFG (Prop_bufg_I_O)         0.091    13.341 r  clk_IBUF_BUFG_inst/O
                         net (fo=45, routed)          1.445    14.786    clk_div_inst/clk_IBUF_BUFG
    SLICE_X35Y47         FDRE                                         r  clk_div_inst/count_reg[24]/C
                         clock pessimism              0.275    15.061    
                         clock uncertainty           -0.035    15.026    
    SLICE_X35Y47         FDRE (Setup_fdre_C_R)       -0.429    14.597    clk_div_inst/count_reg[24]
  -------------------------------------------------------------------
                         required time                         14.597    
                         arrival time                          -9.255    
  -------------------------------------------------------------------
                         slack                                  5.342    

Slack (MET) :             5.361ns  (required time - arrival time)
  Source:                 clk_div_inst/count_reg[19]/C
                            (rising edge-triggered cell FDRE clocked by sys_clk_pin  {rise@0.000ns fall@5.000ns period=10.000ns})
  Destination:            clk_div_inst/count_reg[17]/R
                            (rising edge-triggered cell FDRE clocked by sys_clk_pin  {rise@0.000ns fall@5.000ns period=10.000ns})
  Path Group:             sys_clk_pin
  Path Type:              Setup (Max at Slow Process Corner)
  Requirement:            10.000ns  (sys_clk_pin rise@10.000ns - sys_clk_pin rise@0.000ns)
  Data Path Delay:        4.174ns  (logic 0.952ns (22.807%)  route 3.222ns (77.193%))
  Logic Levels:           4  (LUT4=1 LUT5=1 LUT6=2)
  Clock Path Skew:        0.000ns (DCD - SCD + CPR)
    Destination Clock Delay (DCD):    4.785ns = ( 14.785 - 10.000 ) 
    Source Clock Delay      (SCD):    5.085ns
    Clock Pessimism Removal (CPR):    0.300ns
  Clock Uncertainty:      0.035ns  ((TSJ^2 + TIJ^2)^1/2 + DJ) / 2 + PE
    Total System Jitter     (TSJ):    0.071ns
    Total Input Jitter      (TIJ):    0.000ns
    Discrete Jitter          (DJ):    0.000ns
    Phase Error              (PE):    0.000ns

    Location             Delay type                Incr(ns)  Path(ns)    Netlist Resource(s)
  -------------------------------------------------------------------    -------------------
                         (clock sys_clk_pin rise edge)
                                                      0.000     0.000 r  
    W5                                                0.000     0.000 r  clk (IN)
                         net (fo=0)                   0.000     0.000    clk
    W5                   IBUF (Prop_ibuf_I_O)         1.458     1.458 r  clk_IBUF_inst/O
                         net (fo=1, routed)           1.967     3.425    clk_IBUF
    BUFGCTRL_X0Y1        BUFG (Prop_bufg_I_O)         0.096     3.521 r  clk_IBUF_BUFG_inst/O
                         net (fo=45, routed)          1.564     5.085    clk_div_inst/clk_IBUF_BUFG
    SLICE_X35Y46         FDRE                                         r  clk_div_inst/count_reg[19]/C
  -------------------------------------------------------------------    -------------------
    SLICE_X35Y46         FDRE (Prop_fdre_C_Q)         0.456     5.541 r  clk_div_inst/count_reg[19]/Q
                         net (fo=2, routed)           0.854     6.395    clk_div_inst/count_reg_n_0_[19]
    SLICE_X34Y46         LUT4 (Prop_lut4_I0_O)        0.124     6.519 f  clk_div_inst/count[25]_i_8/O
                         net (fo=1, routed)           0.593     7.112    clk_div_inst/count[25]_i_8_n_0
    SLICE_X34Y45         LUT5 (Prop_lut5_I4_O)        0.124     7.236 f  clk_div_inst/count[25]_i_7/O
                         net (fo=1, routed)           0.431     7.667    clk_div_inst/count[25]_i_7_n_0
    SLICE_X34Y43         LUT6 (Prop_lut6_I5_O)        0.124     7.791 f  clk_div_inst/count[25]_i_4/O
                         net (fo=1, routed)           0.452     8.243    clk_div_inst/count[25]_i_4_n_0
    SLICE_X34Y43         LUT6 (Prop_lut6_I0_O)        0.124     8.367 r  clk_div_inst/count[25]_i_3/O
                         net (fo=26, routed)          0.893     9.259    clk_div_inst/count[25]_i_1_n_0
    SLICE_X35Y46         FDRE                                         r  clk_div_inst/count_reg[17]/R
  -------------------------------------------------------------------    -------------------

                         (clock sys_clk_pin rise edge)
                                                     10.000    10.000 r  
    W5                                                0.000    10.000 r  clk (IN)
                         net (fo=0)                   0.000    10.000    clk
    W5                   IBUF (Prop_ibuf_I_O)         1.388    11.388 r  clk_IBUF_inst/O
                         net (fo=1, routed)           1.862    13.250    clk_IBUF
    BUFGCTRL_X0Y1        BUFG (Prop_bufg_I_O)         0.091    13.341 r  clk_IBUF_BUFG_inst/O
                         net (fo=45, routed)          1.444    14.785    clk_div_inst/clk_IBUF_BUFG
    SLICE_X35Y46         FDRE                                         r  clk_div_inst/count_reg[17]/C
                         clock pessimism              0.300    15.085    
                         clock uncertainty           -0.035    15.050    
    SLICE_X35Y46         FDRE (Setup_fdre_C_R)       -0.429    14.621    clk_div_inst/count_reg[17]
  -------------------------------------------------------------------
                         required time                         14.621    
                         arrival time                          -9.259    
  -------------------------------------------------------------------
                         slack                                  5.361    

Slack (MET) :             5.361ns  (required time - arrival time)
  Source:                 clk_div_inst/count_reg[19]/C
                            (rising edge-triggered cell FDRE clocked by sys_clk_pin  {rise@0.000ns fall@5.000ns period=10.000ns})
  Destination:            clk_div_inst/count_reg[18]/R
                            (rising edge-triggered cell FDRE clocked by sys_clk_pin  {rise@0.000ns fall@5.000ns period=10.000ns})
  Path Group:             sys_clk_pin
  Path Type:              Setup (Max at Slow Process Corner)
  Requirement:            10.000ns  (sys_clk_pin rise@10.000ns - sys_clk_pin rise@0.000ns)
  Data Path Delay:        4.174ns  (logic 0.952ns (22.807%)  route 3.222ns (77.193%))
  Logic Levels:           4  (LUT4=1 LUT5=1 LUT6=2)
  Clock Path Skew:        0.000ns (DCD - SCD + CPR)
    Destination Clock Delay (DCD):    4.785ns = ( 14.785 - 10.000 ) 
    Source Clock Delay      (SCD):    5.085ns
    Clock Pessimism Removal (CPR):    0.300ns
  Clock Uncertainty:      0.035ns  ((TSJ^2 + TIJ^2)^1/2 + DJ) / 2 + PE
    Total System Jitter     (TSJ):    0.071ns
    Total Input Jitter      (TIJ):    0.000ns
    Discrete Jitter          (DJ):    0.000ns
    Phase Error              (PE):    0.000ns

    Location             Delay type                Incr(ns)  Path(ns)    Netlist Resource(s)
  -------------------------------------------------------------------    -------------------
                         (clock sys_clk_pin rise edge)
                                                      0.000     0.000 r  
    W5                                                0.000     0.000 r  clk (IN)
                         net (fo=0)                   0.000     0.000    clk
    W5                   IBUF (Prop_ibuf_I_O)         1.458     1.458 r  clk_IBUF_inst/O
                         net (fo=1, routed)           1.967     3.425    clk_IBUF
    BUFGCTRL_X0Y1        BUFG (Prop_bufg_I_O)         0.096     3.521 r  clk_IBUF_BUFG_inst/O
                         net (fo=45, routed)          1.564     5.085    clk_div_inst/clk_IBUF_BUFG
    SLICE_X35Y46         FDRE                                         r  clk_div_inst/count_reg[19]/C
  -------------------------------------------------------------------    -------------------
    SLICE_X35Y46         FDRE (Prop_fdre_C_Q)         0.456     5.541 r  clk_div_inst/count_reg[19]/Q
                         net (fo=2, routed)           0.854     6.395    clk_div_inst/count_reg_n_0_[19]
    SLICE_X34Y46         LUT4 (Prop_lut4_I0_O)        0.124     6.519 f  clk_div_inst/count[25]_i_8/O
                         net (fo=1, routed)           0.593     7.112    clk_div_inst/count[25]_i_8_n_0
    SLICE_X34Y45         LUT5 (Prop_lut5_I4_O)        0.124     7.236 f  clk_div_inst/count[25]_i_7/O
                         net (fo=1, routed)           0.431     7.667    clk_div_inst/count[25]_i_7_n_0
    SLICE_X34Y43         LUT6 (Prop_lut6_I5_O)        0.124     7.791 f  clk_div_inst/count[25]_i_4/O
                         net (fo=1, routed)           0.452     8.243    clk_div_inst/count[25]_i_4_n_0
    SLICE_X34Y43         LUT6 (Prop_lut6_I0_O)        0.124     8.367 r  clk_div_inst/count[25]_i_3/O
                         net (fo=26, routed)          0.893     9.259    clk_div_inst/count[25]_i_1_n_0
    SLICE_X35Y46         FDRE                                         r  clk_div_inst/count_reg[18]/R
  -------------------------------------------------------------------    -------------------

                         (clock sys_clk_pin rise edge)
                                                     10.000    10.000 r  
    W5                                                0.000    10.000 r  clk (IN)
                         net (fo=0)                   0.000    10.000    clk
    W5                   IBUF (Prop_ibuf_I_O)         1.388    11.388 r  clk_IBUF_inst/O
                         net (fo=1, routed)           1.862    13.250    clk_IBUF
    BUFGCTRL_X0Y1        BUFG (Prop_bufg_I_O)         0.091    13.341 r  clk_IBUF_BUFG_inst/O
                         net (fo=45, routed)          1.444    14.785    clk_div_inst/clk_IBUF_BUFG
    SLICE_X35Y46         FDRE                                         r  clk_div_inst/count_reg[18]/C
                         clock pessimism              0.300    15.085    
                         clock uncertainty           -0.035    15.050    
    SLICE_X35Y46         FDRE (Setup_fdre_C_R)       -0.429    14.621    clk_div_inst/count_reg[18]
  -------------------------------------------------------------------
                         required time                         14.621    
                         arrival time                          -9.259    
  -------------------------------------------------------------------
                         slack                                  5.361    

Slack (MET) :             5.361ns  (required time - arrival time)
  Source:                 clk_div_inst/count_reg[19]/C
                            (rising edge-triggered cell FDRE clocked by sys_clk_pin  {rise@0.000ns fall@5.000ns period=10.000ns})
  Destination:            clk_div_inst/count_reg[19]/R
                            (rising edge-triggered cell FDRE clocked by sys_clk_pin  {rise@0.000ns fall@5.000ns period=10.000ns})
  Path Group:             sys_clk_pin
  Path Type:              Setup (Max at Slow Process Corner)
  Requirement:            10.000ns  (sys_clk_pin rise@10.000ns - sys_clk_pin rise@0.000ns)
  Data Path Delay:        4.174ns  (logic 0.952ns (22.807%)  route 3.222ns (77.193%))
  Logic Levels:           4  (LUT4=1 LUT5=1 LUT6=2)
  Clock Path Skew:        0.000ns (DCD - SCD + CPR)
    Destination Clock Delay (DCD):    4.785ns = ( 14.785 - 10.000 ) 
    Source Clock Delay      (SCD):    5.085ns
    Clock Pessimism Removal (CPR):    0.300ns
  Clock Uncertainty:      0.035ns  ((TSJ^2 + TIJ^2)^1/2 + DJ) / 2 + PE
    Total System Jitter     (TSJ):    0.071ns
    Total Input Jitter      (TIJ):    0.000ns
    Discrete Jitter          (DJ):    0.000ns
    Phase Error              (PE):    0.000ns

    Location             Delay type                Incr(ns)  Path(ns)    Netlist Resource(s)
  -------------------------------------------------------------------    -------------------
                         (clock sys_clk_pin rise edge)
                                                      0.000     0.000 r  
    W5                                                0.000     0.000 r  clk (IN)
                         net (fo=0)                   0.000     0.000    clk
    W5                   IBUF (Prop_ibuf_I_O)         1.458     1.458 r  clk_IBUF_inst/O
                         net (fo=1, routed)           1.967     3.425    clk_IBUF
    BUFGCTRL_X0Y1        BUFG (Prop_bufg_I_O)         0.096     3.521 r  clk_IBUF_BUFG_inst/O
                         net (fo=45, routed)          1.564     5.085    clk_div_inst/clk_IBUF_BUFG
    SLICE_X35Y46         FDRE                                         r  clk_div_inst/count_reg[19]/C
  -------------------------------------------------------------------    -------------------
    SLICE_X35Y46         FDRE (Prop_fdre_C_Q)         0.456     5.541 r  clk_div_inst/count_reg[19]/Q
                         net (fo=2, routed)           0.854     6.395    clk_div_inst/count_reg_n_0_[19]
    SLICE_X34Y46         LUT4 (Prop_lut4_I0_O)        0.124     6.519 f  clk_div_inst/count[25]_i_8/O
                         net (fo=1, routed)           0.593     7.112    clk_div_inst/count[25]_i_8_n_0
    SLICE_X34Y45         LUT5 (Prop_lut5_I4_O)        0.124     7.236 f  clk_div_inst/count[25]_i_7/O
                         net (fo=1, routed)           0.431     7.667    clk_div_inst/count[25]_i_7_n_0
    SLICE_X34Y43         LUT6 (Prop_lut6_I5_O)        0.124     7.791 f  clk_div_inst/count[25]_i_4/O
                         net (fo=1, routed)           0.452     8.243    clk_div_inst/count[25]_i_4_n_0
    SLICE_X34Y43         LUT6 (Prop_lut6_I0_O)        0.124     8.367 r  clk_div_inst/count[25]_i_3/O
                         net (fo=26, routed)          0.893     9.259    clk_div_inst/count[25]_i_1_n_0
    SLICE_X35Y46         FDRE                                         r  clk_div_inst/count_reg[19]/R
  -------------------------------------------------------------------    -------------------

                         (clock sys_clk_pin rise edge)
                                                     10.000    10.000 r  
    W5                                                0.000    10.000 r  clk (IN)
                         net (fo=0)                   0.000    10.000    clk
    W5                   IBUF (Prop_ibuf_I_O)         1.388    11.388 r  clk_IBUF_inst/O
                         net (fo=1, routed)           1.862    13.250    clk_IBUF
    BUFGCTRL_X0Y1        BUFG (Prop_bufg_I_O)         0.091    13.341 r  clk_IBUF_BUFG_inst/O
                         net (fo=45, routed)          1.444    14.785    clk_div_inst/clk_IBUF_BUFG
    SLICE_X35Y46         FDRE                                         r  clk_div_inst/count_reg[19]/C
                         clock pessimism              0.300    15.085    
                         clock uncertainty           -0.035    15.050    
    SLICE_X35Y46         FDRE (Setup_fdre_C_R)       -0.429    14.621    clk_div_inst/count_reg[19]
  -------------------------------------------------------------------
                         required time                         14.621    
                         arrival time                          -9.259    
  -------------------------------------------------------------------
                         slack                                  5.361    

Slack (MET) :             5.361ns  (required time - arrival time)
  Source:                 clk_div_inst/count_reg[19]/C
                            (rising edge-triggered cell FDRE clocked by sys_clk_pin  {rise@0.000ns fall@5.000ns period=10.000ns})
  Destination:            clk_div_inst/count_reg[20]/R
                            (rising edge-triggered cell FDRE clocked by sys_clk_pin  {rise@0.000ns fall@5.000ns period=10.000ns})
  Path Group:             sys_clk_pin
  Path Type:              Setup (Max at Slow Process Corner)
  Requirement:            10.000ns  (sys_clk_pin rise@10.000ns - sys_clk_pin rise@0.000ns)
  Data Path Delay:        4.174ns  (logic 0.952ns (22.807%)  route 3.222ns (77.193%))
  Logic Levels:           4  (LUT4=1 LUT5=1 LUT6=2)
  Clock Path Skew:        0.000ns (DCD - SCD + CPR)
    Destination Clock Delay (DCD):    4.785ns = ( 14.785 - 10.000 ) 
    Source Clock Delay      (SCD):    5.085ns
    Clock Pessimism Removal (CPR):    0.300ns
  Clock Uncertainty:      0.035ns  ((TSJ^2 + TIJ^2)^1/2 + DJ) / 2 + PE
    Total System Jitter     (TSJ):    0.071ns
    Total Input Jitter      (TIJ):    0.000ns
    Discrete Jitter          (DJ):    0.000ns
    Phase Error              (PE):    0.000ns

    Location             Delay type                Incr(ns)  Path(ns)    Netlist Resource(s)
  -------------------------------------------------------------------    -------------------
                         (clock sys_clk_pin rise edge)
                                                      0.000     0.000 r  
    W5                                                0.000     0.000 r  clk (IN)
                         net (fo=0)                   0.000     0.000    clk
    W5                   IBUF (Prop_ibuf_I_O)         1.458     1.458 r  clk_IBUF_inst/O
                         net (fo=1, routed)           1.967     3.425    clk_IBUF
    BUFGCTRL_X0Y1        BUFG (Prop_bufg_I_O)         0.096     3.521 r  clk_IBUF_BUFG_inst/O
                         net (fo=45, routed)          1.564     5.085    clk_div_inst/clk_IBUF_BUFG
    SLICE_X35Y46         FDRE                                         r  clk_div_inst/count_reg[19]/C
  -------------------------------------------------------------------    -------------------
    SLICE_X35Y46         FDRE (Prop_fdre_C_Q)         0.456     5.541 r  clk_div_inst/count_reg[19]/Q
                         net (fo=2, routed)           0.854     6.395    clk_div_inst/count_reg_n_0_[19]
    SLICE_X34Y46         LUT4 (Prop_lut4_I0_O)        0.124     6.519 f  clk_div_inst/count[25]_i_8/O
                         net (fo=1, routed)           0.593     7.112    clk_div_inst/count[25]_i_8_n_0
    SLICE_X34Y45         LUT5 (Prop_lut5_I4_O)        0.124     7.236 f  clk_div_inst/count[25]_i_7/O
                         net (fo=1, routed)           0.431     7.667    clk_div_inst/count[25]_i_7_n_0
    SLICE_X34Y43         LUT6 (Prop_lut6_I5_O)        0.124     7.791 f  clk_div_inst/count[25]_i_4/O
                         net (fo=1, routed)           0.452     8.243    clk_div_inst/count[25]_i_4_n_0
    SLICE_X34Y43         LUT6 (Prop_lut6_I0_O)        0.124     8.367 r  clk_div_inst/count[25]_i_3/O
                         net (fo=26, routed)          0.893     9.259    clk_div_inst/count[25]_i_1_n_0
    SLICE_X35Y46         FDRE                                         r  clk_div_inst/count_reg[20]/R
  -------------------------------------------------------------------    -------------------

                         (clock sys_clk_pin rise edge)
                                                     10.000    10.000 r  
    W5                                                0.000    10.000 r  clk (IN)
                         net (fo=0)                   0.000    10.000    clk
    W5                   IBUF (Prop_ibuf_I_O)         1.388    11.388 r  clk_IBUF_inst/O
                         net (fo=1, routed)           1.862    13.250    clk_IBUF
    BUFGCTRL_X0Y1        BUFG (Prop_bufg_I_O)         0.091    13.341 r  clk_IBUF_BUFG_inst/O
                         net (fo=45, routed)          1.444    14.785    clk_div_inst/clk_IBUF_BUFG
    SLICE_X35Y46         FDRE                                         r  clk_div_inst/count_reg[20]/C
                         clock pessimism              0.300    15.085    
                         clock uncertainty           -0.035    15.050    
    SLICE_X35Y46         FDRE (Setup_fdre_C_R)       -0.429    14.621    clk_div_inst/count_reg[20]
  -------------------------------------------------------------------
                         required time                         14.621    
                         arrival time                          -9.259    
  -------------------------------------------------------------------
                         slack                                  5.361    

Slack (MET) :             5.484ns  (required time - arrival time)
  Source:                 clk_div_inst/count_reg[19]/C
                            (rising edge-triggered cell FDRE clocked by sys_clk_pin  {rise@0.000ns fall@5.000ns period=10.000ns})
  Destination:            clk_div_inst/count_reg[13]/R
                            (rising edge-triggered cell FDRE clocked by sys_clk_pin  {rise@0.000ns fall@5.000ns period=10.000ns})
  Path Group:             sys_clk_pin
  Path Type:              Setup (Max at Slow Process Corner)
  Requirement:            10.000ns  (sys_clk_pin rise@10.000ns - sys_clk_pin rise@0.000ns)
  Data Path Delay:        4.027ns  (logic 0.952ns (23.642%)  route 3.075ns (76.358%))
  Logic Levels:           4  (LUT4=1 LUT5=1 LUT6=2)
  Clock Path Skew:        -0.025ns (DCD - SCD + CPR)
    Destination Clock Delay (DCD):    4.785ns = ( 14.785 - 10.000 ) 
    Source Clock Delay      (SCD):    5.085ns
    Clock Pessimism Removal (CPR):    0.275ns
  Clock Uncertainty:      0.035ns  ((TSJ^2 + TIJ^2)^1/2 + DJ) / 2 + PE
    Total System Jitter     (TSJ):    0.071ns
    Total Input Jitter      (TIJ):    0.000ns
    Discrete Jitter          (DJ):    0.000ns
    Phase Error              (PE):    0.000ns

    Location             Delay type                Incr(ns)  Path(ns)    Netlist Resource(s)
  -------------------------------------------------------------------    -------------------
                         (clock sys_clk_pin rise edge)
                                                      0.000     0.000 r  
    W5                                                0.000     0.000 r  clk (IN)
                         net (fo=0)                   0.000     0.000    clk
    W5                   IBUF (Prop_ibuf_I_O)         1.458     1.458 r  clk_IBUF_inst/O
                         net (fo=1, routed)           1.967     3.425    clk_IBUF
    BUFGCTRL_X0Y1        BUFG (Prop_bufg_I_O)         0.096     3.521 r  clk_IBUF_BUFG_inst/O
                         net (fo=45, routed)          1.564     5.085    clk_div_inst/clk_IBUF_BUFG
    SLICE_X35Y46         FDRE                                         r  clk_div_inst/count_reg[19]/C
  -------------------------------------------------------------------    -------------------
    SLICE_X35Y46         FDRE (Prop_fdre_C_Q)         0.456     5.541 r  clk_div_inst/count_reg[19]/Q
                         net (fo=2, routed)           0.854     6.395    clk_div_inst/count_reg_n_0_[19]
    SLICE_X34Y46         LUT4 (Prop_lut4_I0_O)        0.124     6.519 f  clk_div_inst/count[25]_i_8/O
                         net (fo=1, routed)           0.593     7.112    clk_div_inst/count[25]_i_8_n_0
    SLICE_X34Y45         LUT5 (Prop_lut5_I4_O)        0.124     7.236 f  clk_div_inst/count[25]_i_7/O
                         net (fo=1, routed)           0.431     7.667    clk_div_inst/count[25]_i_7_n_0
    SLICE_X34Y43         LUT6 (Prop_lut6_I5_O)        0.124     7.791 f  clk_div_inst/count[25]_i_4/O
                         net (fo=1, routed)           0.452     8.243    clk_div_inst/count[25]_i_4_n_0
    SLICE_X34Y43         LUT6 (Prop_lut6_I0_O)        0.124     8.367 r  clk_div_inst/count[25]_i_3/O
                         net (fo=26, routed)          0.745     9.112    clk_div_inst/count[25]_i_1_n_0
    SLICE_X35Y45         FDRE                                         r  clk_div_inst/count_reg[13]/R
  -------------------------------------------------------------------    -------------------

                         (clock sys_clk_pin rise edge)
                                                     10.000    10.000 r  
    W5                                                0.000    10.000 r  clk (IN)
                         net (fo=0)                   0.000    10.000    clk
    W5                   IBUF (Prop_ibuf_I_O)         1.388    11.388 r  clk_IBUF_inst/O
                         net (fo=1, routed)           1.862    13.250    clk_IBUF
    BUFGCTRL_X0Y1        BUFG (Prop_bufg_I_O)         0.091    13.341 r  clk_IBUF_BUFG_inst/O
                         net (fo=45, routed)          1.444    14.785    clk_div_inst/clk_IBUF_BUFG
    SLICE_X35Y45         FDRE                                         r  clk_div_inst/count_reg[13]/C
                         clock pessimism              0.275    15.060    
                         clock uncertainty           -0.035    15.025    
    SLICE_X35Y45         FDRE (Setup_fdre_C_R)       -0.429    14.596    clk_div_inst/count_reg[13]
  -------------------------------------------------------------------
                         required time                         14.596    
                         arrival time                          -9.112    
  -------------------------------------------------------------------
                         slack                                  5.484    





Min Delay Paths
--------------------------------------------------------------------------------------
Slack (MET) :             0.261ns  (arrival time - required time)
  Source:                 clk_div_inst/count_reg[16]/C
                            (rising edge-triggered cell FDRE clocked by sys_clk_pin  {rise@0.000ns fall@5.000ns period=10.000ns})
  Destination:            clk_div_inst/count_reg[16]/D
                            (rising edge-triggered cell FDRE clocked by sys_clk_pin  {rise@0.000ns fall@5.000ns period=10.000ns})
  Path Group:             sys_clk_pin
  Path Type:              Hold (Min at Fast Process Corner)
  Requirement:            0.000ns  (sys_clk_pin rise@0.000ns - sys_clk_pin rise@0.000ns)
  Data Path Delay:        0.366ns  (logic 0.249ns (67.994%)  route 0.117ns (32.006%))
  Logic Levels:           1  (CARRY4=1)
  Clock Path Skew:        0.000ns (DCD - SCD - CPR)
    Destination Clock Delay (DCD):    1.958ns
    Source Clock Delay      (SCD):    1.445ns
    Clock Pessimism Removal (CPR):    0.513ns

    Location             Delay type                Incr(ns)  Path(ns)    Netlist Resource(s)
  -------------------------------------------------------------------    -------------------
                         (clock sys_clk_pin rise edge)
                                                      0.000     0.000 r  
    W5                                                0.000     0.000 r  clk (IN)
                         net (fo=0)                   0.000     0.000    clk
    W5                   IBUF (Prop_ibuf_I_O)         0.226     0.226 r  clk_IBUF_inst/O
                         net (fo=1, routed)           0.631     0.858    clk_IBUF
    BUFGCTRL_X0Y1        BUFG (Prop_bufg_I_O)         0.026     0.884 r  clk_IBUF_BUFG_inst/O
                         net (fo=45, routed)          0.562     1.445    clk_div_inst/clk_IBUF_BUFG
    SLICE_X35Y45         FDRE                                         r  clk_div_inst/count_reg[16]/C
  -------------------------------------------------------------------    -------------------
    SLICE_X35Y45         FDRE (Prop_fdre_C_Q)         0.141     1.586 r  clk_div_inst/count_reg[16]/Q
                         net (fo=2, routed)           0.117     1.703    clk_div_inst/count_reg_n_0_[16]
    SLICE_X35Y45         CARRY4 (Prop_carry4_S[3]_O[3])
                                                      0.108     1.811 r  clk_div_inst/count_reg[16]_i_1/O[3]
                         net (fo=1, routed)           0.000     1.811    clk_div_inst/data0[16]
    SLICE_X35Y45         FDRE                                         r  clk_div_inst/count_reg[16]/D
  -------------------------------------------------------------------    -------------------

                         (clock sys_clk_pin rise edge)
                                                      0.000     0.000 r  
    W5                                                0.000     0.000 r  clk (IN)
                         net (fo=0)                   0.000     0.000    clk
    W5                   IBUF (Prop_ibuf_I_O)         0.414     0.414 r  clk_IBUF_inst/O
                         net (fo=1, routed)           0.685     1.099    clk_IBUF
    BUFGCTRL_X0Y1        BUFG (Prop_bufg_I_O)         0.029     1.128 r  clk_IBUF_BUFG_inst/O
                         net (fo=45, routed)          0.831     1.958    clk_div_inst/clk_IBUF_BUFG
    SLICE_X35Y45         FDRE                                         r  clk_div_inst/count_reg[16]/C
                         clock pessimism             -0.513     1.445    
    SLICE_X35Y45         FDRE (Hold_fdre_C_D)         0.105     1.550    clk_div_inst/count_reg[16]
  -------------------------------------------------------------------
                         required time                         -1.550    
                         arrival time                           1.811    
  -------------------------------------------------------------------
                         slack                                  0.261    

Slack (MET) :             0.263ns  (arrival time - required time)
  Source:                 seg_inst/count_mux_reg[0]/C
                            (rising edge-triggered cell FDRE clocked by sys_clk_pin  {rise@0.000ns fall@5.000ns period=10.000ns})
  Destination:            seg_inst/count_mux_reg[0]/D
                            (rising edge-triggered cell FDRE clocked by sys_clk_pin  {rise@0.000ns fall@5.000ns period=10.000ns})
  Path Group:             sys_clk_pin
  Path Type:              Hold (Min at Fast Process Corner)
  Requirement:            0.000ns  (sys_clk_pin rise@0.000ns - sys_clk_pin rise@0.000ns)
  Data Path Delay:        0.354ns  (logic 0.186ns (52.507%)  route 0.168ns (47.493%))
  Logic Levels:           1  (LUT1=1)
  Clock Path Skew:        0.000ns (DCD - SCD - CPR)
    Destination Clock Delay (DCD):    1.994ns
    Source Clock Delay      (SCD):    1.479ns
    Clock Pessimism Removal (CPR):    0.515ns

    Location             Delay type                Incr(ns)  Path(ns)    Netlist Resource(s)
  -------------------------------------------------------------------    -------------------
                         (clock sys_clk_pin rise edge)
                                                      0.000     0.000 r  
    W5                                                0.000     0.000 r  clk (IN)
                         net (fo=0)                   0.000     0.000    clk
    W5                   IBUF (Prop_ibuf_I_O)         0.226     0.226 r  clk_IBUF_inst/O
                         net (fo=1, routed)           0.631     0.858    clk_IBUF
    BUFGCTRL_X0Y1        BUFG (Prop_bufg_I_O)         0.026     0.884 r  clk_IBUF_BUFG_inst/O
                         net (fo=45, routed)          0.596     1.479    seg_inst/CLK
    SLICE_X63Y2          FDRE                                         r  seg_inst/count_mux_reg[0]/C
  -------------------------------------------------------------------    -------------------
    SLICE_X63Y2          FDRE (Prop_fdre_C_Q)         0.141     1.620 f  seg_inst/count_mux_reg[0]/Q
                         net (fo=3, routed)           0.168     1.788    seg_inst/count_mux_reg_n_0_[0]
    SLICE_X63Y2          LUT1 (Prop_lut1_I0_O)        0.045     1.833 r  seg_inst/count_mux[0]_i_1/O
                         net (fo=1, routed)           0.000     1.833    seg_inst/count_mux[0]
    SLICE_X63Y2          FDRE                                         r  seg_inst/count_mux_reg[0]/D
  -------------------------------------------------------------------    -------------------

                         (clock sys_clk_pin rise edge)
                                                      0.000     0.000 r  
    W5                                                0.000     0.000 r  clk (IN)
                         net (fo=0)                   0.000     0.000    clk
    W5                   IBUF (Prop_ibuf_I_O)         0.414     0.414 r  clk_IBUF_inst/O
                         net (fo=1, routed)           0.685     1.099    clk_IBUF
    BUFGCTRL_X0Y1        BUFG (Prop_bufg_I_O)         0.029     1.128 r  clk_IBUF_BUFG_inst/O
                         net (fo=45, routed)          0.867     1.994    seg_inst/CLK
    SLICE_X63Y2          FDRE                                         r  seg_inst/count_mux_reg[0]/C
                         clock pessimism             -0.515     1.479    
    SLICE_X63Y2          FDRE (Hold_fdre_C_D)         0.091     1.570    seg_inst/count_mux_reg[0]
  -------------------------------------------------------------------
                         required time                         -1.570    
                         arrival time                           1.833    
  -------------------------------------------------------------------
                         slack                                  0.263    

Slack (MET) :             0.263ns  (arrival time - required time)
  Source:                 clk_div_inst/count_reg[12]/C
                            (rising edge-triggered cell FDRE clocked by sys_clk_pin  {rise@0.000ns fall@5.000ns period=10.000ns})
  Destination:            clk_div_inst/count_reg[12]/D
                            (rising edge-triggered cell FDRE clocked by sys_clk_pin  {rise@0.000ns fall@5.000ns period=10.000ns})
  Path Group:             sys_clk_pin
  Path Type:              Hold (Min at Fast Process Corner)
  Requirement:            0.000ns  (sys_clk_pin rise@0.000ns - sys_clk_pin rise@0.000ns)
  Data Path Delay:        0.368ns  (logic 0.249ns (67.612%)  route 0.119ns (32.388%))
  Logic Levels:           1  (CARRY4=1)
  Clock Path Skew:        0.000ns (DCD - SCD - CPR)
    Destination Clock Delay (DCD):    1.958ns
    Source Clock Delay      (SCD):    1.445ns
    Clock Pessimism Removal (CPR):    0.513ns

    Location             Delay type                Incr(ns)  Path(ns)    Netlist Resource(s)
  -------------------------------------------------------------------    -------------------
                         (clock sys_clk_pin rise edge)
                                                      0.000     0.000 r  
    W5                                                0.000     0.000 r  clk (IN)
                         net (fo=0)                   0.000     0.000    clk
    W5                   IBUF (Prop_ibuf_I_O)         0.226     0.226 r  clk_IBUF_inst/O
                         net (fo=1, routed)           0.631     0.858    clk_IBUF
    BUFGCTRL_X0Y1        BUFG (Prop_bufg_I_O)         0.026     0.884 r  clk_IBUF_BUFG_inst/O
                         net (fo=45, routed)          0.562     1.445    clk_div_inst/clk_IBUF_BUFG
    SLICE_X35Y44         FDRE                                         r  clk_div_inst/count_reg[12]/C
  -------------------------------------------------------------------    -------------------
    SLICE_X35Y44         FDRE (Prop_fdre_C_Q)         0.141     1.586 r  clk_div_inst/count_reg[12]/Q
                         net (fo=2, routed)           0.119     1.705    clk_div_inst/count_reg_n_0_[12]
    SLICE_X35Y44         CARRY4 (Prop_carry4_S[3]_O[3])
                                                      0.108     1.813 r  clk_div_inst/count_reg[12]_i_1/O[3]
                         net (fo=1, routed)           0.000     1.813    clk_div_inst/data0[12]
    SLICE_X35Y44         FDRE                                         r  clk_div_inst/count_reg[12]/D
  -------------------------------------------------------------------    -------------------

                         (clock sys_clk_pin rise edge)
                                                      0.000     0.000 r  
    W5                                                0.000     0.000 r  clk (IN)
                         net (fo=0)                   0.000     0.000    clk
    W5                   IBUF (Prop_ibuf_I_O)         0.414     0.414 r  clk_IBUF_inst/O
                         net (fo=1, routed)           0.685     1.099    clk_IBUF
    BUFGCTRL_X0Y1        BUFG (Prop_bufg_I_O)         0.029     1.128 r  clk_IBUF_BUFG_inst/O
                         net (fo=45, routed)          0.831     1.958    clk_div_inst/clk_IBUF_BUFG
    SLICE_X35Y44         FDRE                                         r  clk_div_inst/count_reg[12]/C
                         clock pessimism             -0.513     1.445    
    SLICE_X35Y44         FDRE (Hold_fdre_C_D)         0.105     1.550    clk_div_inst/count_reg[12]
  -------------------------------------------------------------------
                         required time                         -1.550    
                         arrival time                           1.813    
  -------------------------------------------------------------------
                         slack                                  0.263    

Slack (MET) :             0.263ns  (arrival time - required time)
  Source:                 clk_div_inst/count_reg[20]/C
                            (rising edge-triggered cell FDRE clocked by sys_clk_pin  {rise@0.000ns fall@5.000ns period=10.000ns})
  Destination:            clk_div_inst/count_reg[20]/D
                            (rising edge-triggered cell FDRE clocked by sys_clk_pin  {rise@0.000ns fall@5.000ns period=10.000ns})
  Path Group:             sys_clk_pin
  Path Type:              Hold (Min at Fast Process Corner)
  Requirement:            0.000ns  (sys_clk_pin rise@0.000ns - sys_clk_pin rise@0.000ns)
  Data Path Delay:        0.368ns  (logic 0.249ns (67.612%)  route 0.119ns (32.388%))
  Logic Levels:           1  (CARRY4=1)
  Clock Path Skew:        0.000ns (DCD - SCD - CPR)
    Destination Clock Delay (DCD):    1.958ns
    Source Clock Delay      (SCD):    1.445ns
    Clock Pessimism Removal (CPR):    0.513ns

    Location             Delay type                Incr(ns)  Path(ns)    Netlist Resource(s)
  -------------------------------------------------------------------    -------------------
                         (clock sys_clk_pin rise edge)
                                                      0.000     0.000 r  
    W5                                                0.000     0.000 r  clk (IN)
                         net (fo=0)                   0.000     0.000    clk
    W5                   IBUF (Prop_ibuf_I_O)         0.226     0.226 r  clk_IBUF_inst/O
                         net (fo=1, routed)           0.631     0.858    clk_IBUF
    BUFGCTRL_X0Y1        BUFG (Prop_bufg_I_O)         0.026     0.884 r  clk_IBUF_BUFG_inst/O
                         net (fo=45, routed)          0.562     1.445    clk_div_inst/clk_IBUF_BUFG
    SLICE_X35Y46         FDRE                                         r  clk_div_inst/count_reg[20]/C
  -------------------------------------------------------------------    -------------------
    SLICE_X35Y46         FDRE (Prop_fdre_C_Q)         0.141     1.586 r  clk_div_inst/count_reg[20]/Q
                         net (fo=2, routed)           0.119     1.705    clk_div_inst/count_reg_n_0_[20]
    SLICE_X35Y46         CARRY4 (Prop_carry4_S[3]_O[3])
                                                      0.108     1.813 r  clk_div_inst/count_reg[20]_i_1/O[3]
                         net (fo=1, routed)           0.000     1.813    clk_div_inst/data0[20]
    SLICE_X35Y46         FDRE                                         r  clk_div_inst/count_reg[20]/D
  -------------------------------------------------------------------    -------------------

                         (clock sys_clk_pin rise edge)
                                                      0.000     0.000 r  
    W5                                                0.000     0.000 r  clk (IN)
                         net (fo=0)                   0.000     0.000    clk
    W5                   IBUF (Prop_ibuf_I_O)         0.414     0.414 r  clk_IBUF_inst/O
                         net (fo=1, routed)           0.685     1.099    clk_IBUF
    BUFGCTRL_X0Y1        BUFG (Prop_bufg_I_O)         0.029     1.128 r  clk_IBUF_BUFG_inst/O
                         net (fo=45, routed)          0.831     1.958    clk_div_inst/clk_IBUF_BUFG
    SLICE_X35Y46         FDRE                                         r  clk_div_inst/count_reg[20]/C
                         clock pessimism             -0.513     1.445    
    SLICE_X35Y46         FDRE (Hold_fdre_C_D)         0.105     1.550    clk_div_inst/count_reg[20]
  -------------------------------------------------------------------
                         required time                         -1.550    
                         arrival time                           1.813    
  -------------------------------------------------------------------
                         slack                                  0.263    

Slack (MET) :             0.263ns  (arrival time - required time)
  Source:                 clk_div_inst/count_reg[24]/C
                            (rising edge-triggered cell FDRE clocked by sys_clk_pin  {rise@0.000ns fall@5.000ns period=10.000ns})
  Destination:            clk_div_inst/count_reg[24]/D
                            (rising edge-triggered cell FDRE clocked by sys_clk_pin  {rise@0.000ns fall@5.000ns period=10.000ns})
  Path Group:             sys_clk_pin
  Path Type:              Hold (Min at Fast Process Corner)
  Requirement:            0.000ns  (sys_clk_pin rise@0.000ns - sys_clk_pin rise@0.000ns)
  Data Path Delay:        0.368ns  (logic 0.249ns (67.612%)  route 0.119ns (32.388%))
  Logic Levels:           1  (CARRY4=1)
  Clock Path Skew:        0.000ns (DCD - SCD - CPR)
    Destination Clock Delay (DCD):    1.959ns
    Source Clock Delay      (SCD):    1.446ns
    Clock Pessimism Removal (CPR):    0.513ns

    Location             Delay type                Incr(ns)  Path(ns)    Netlist Resource(s)
  -------------------------------------------------------------------    -------------------
                         (clock sys_clk_pin rise edge)
                                                      0.000     0.000 r  
    W5                                                0.000     0.000 r  clk (IN)
                         net (fo=0)                   0.000     0.000    clk
    W5                   IBUF (Prop_ibuf_I_O)         0.226     0.226 r  clk_IBUF_inst/O
                         net (fo=1, routed)           0.631     0.858    clk_IBUF
    BUFGCTRL_X0Y1        BUFG (Prop_bufg_I_O)         0.026     0.884 r  clk_IBUF_BUFG_inst/O
                         net (fo=45, routed)          0.563     1.446    clk_div_inst/clk_IBUF_BUFG
    SLICE_X35Y47         FDRE                                         r  clk_div_inst/count_reg[24]/C
  -------------------------------------------------------------------    -------------------
    SLICE_X35Y47         FDRE (Prop_fdre_C_Q)         0.141     1.587 r  clk_div_inst/count_reg[24]/Q
                         net (fo=2, routed)           0.119     1.706    clk_div_inst/count_reg_n_0_[24]
    SLICE_X35Y47         CARRY4 (Prop_carry4_S[3]_O[3])
                                                      0.108     1.814 r  clk_div_inst/count_reg[24]_i_1/O[3]
                         net (fo=1, routed)           0.000     1.814    clk_div_inst/data0[24]
    SLICE_X35Y47         FDRE                                         r  clk_div_inst/count_reg[24]/D
  -------------------------------------------------------------------    -------------------

                         (clock sys_clk_pin rise edge)
                                                      0.000     0.000 r  
    W5                                                0.000     0.000 r  clk (IN)
                         net (fo=0)                   0.000     0.000    clk
    W5                   IBUF (Prop_ibuf_I_O)         0.414     0.414 r  clk_IBUF_inst/O
                         net (fo=1, routed)           0.685     1.099    clk_IBUF
    BUFGCTRL_X0Y1        BUFG (Prop_bufg_I_O)         0.029     1.128 r  clk_IBUF_BUFG_inst/O
                         net (fo=45, routed)          0.832     1.959    clk_div_inst/clk_IBUF_BUFG
    SLICE_X35Y47         FDRE                                         r  clk_div_inst/count_reg[24]/C
                         clock pessimism             -0.513     1.446    
    SLICE_X35Y47         FDRE (Hold_fdre_C_D)         0.105     1.551    clk_div_inst/count_reg[24]
  -------------------------------------------------------------------
                         required time                         -1.551    
                         arrival time                           1.814    
  -------------------------------------------------------------------
                         slack                                  0.263    

Slack (MET) :             0.263ns  (arrival time - required time)
  Source:                 clk_div_inst/count_reg[8]/C
                            (rising edge-triggered cell FDRE clocked by sys_clk_pin  {rise@0.000ns fall@5.000ns period=10.000ns})
  Destination:            clk_div_inst/count_reg[8]/D
                            (rising edge-triggered cell FDRE clocked by sys_clk_pin  {rise@0.000ns fall@5.000ns period=10.000ns})
  Path Group:             sys_clk_pin
  Path Type:              Hold (Min at Fast Process Corner)
  Requirement:            0.000ns  (sys_clk_pin rise@0.000ns - sys_clk_pin rise@0.000ns)
  Data Path Delay:        0.368ns  (logic 0.249ns (67.612%)  route 0.119ns (32.388%))
  Logic Levels:           1  (CARRY4=1)
  Clock Path Skew:        0.000ns (DCD - SCD - CPR)
    Destination Clock Delay (DCD):    1.958ns
    Source Clock Delay      (SCD):    1.445ns
    Clock Pessimism Removal (CPR):    0.513ns

    Location             Delay type                Incr(ns)  Path(ns)    Netlist Resource(s)
  -------------------------------------------------------------------    -------------------
                         (clock sys_clk_pin rise edge)
                                                      0.000     0.000 r  
    W5                                                0.000     0.000 r  clk (IN)
                         net (fo=0)                   0.000     0.000    clk
    W5                   IBUF (Prop_ibuf_I_O)         0.226     0.226 r  clk_IBUF_inst/O
                         net (fo=1, routed)           0.631     0.858    clk_IBUF
    BUFGCTRL_X0Y1        BUFG (Prop_bufg_I_O)         0.026     0.884 r  clk_IBUF_BUFG_inst/O
                         net (fo=45, routed)          0.562     1.445    clk_div_inst/clk_IBUF_BUFG
    SLICE_X35Y43         FDRE                                         r  clk_div_inst/count_reg[8]/C
  -------------------------------------------------------------------    -------------------
    SLICE_X35Y43         FDRE (Prop_fdre_C_Q)         0.141     1.586 r  clk_div_inst/count_reg[8]/Q
                         net (fo=2, routed)           0.119     1.705    clk_div_inst/count_reg_n_0_[8]
    SLICE_X35Y43         CARRY4 (Prop_carry4_S[3]_O[3])
                                                      0.108     1.813 r  clk_div_inst/count_reg[8]_i_1/O[3]
                         net (fo=1, routed)           0.000     1.813    clk_div_inst/data0[8]
    SLICE_X35Y43         FDRE                                         r  clk_div_inst/count_reg[8]/D
  -------------------------------------------------------------------    -------------------

                         (clock sys_clk_pin rise edge)
                                                      0.000     0.000 r  
    W5                                                0.000     0.000 r  clk (IN)
                         net (fo=0)                   0.000     0.000    clk
    W5                   IBUF (Prop_ibuf_I_O)         0.414     0.414 r  clk_IBUF_inst/O
                         net (fo=1, routed)           0.685     1.099    clk_IBUF
    BUFGCTRL_X0Y1        BUFG (Prop_bufg_I_O)         0.029     1.128 r  clk_IBUF_BUFG_inst/O
                         net (fo=45, routed)          0.831     1.958    clk_div_inst/clk_IBUF_BUFG
    SLICE_X35Y43         FDRE                                         r  clk_div_inst/count_reg[8]/C
                         clock pessimism             -0.513     1.445    
    SLICE_X35Y43         FDRE (Hold_fdre_C_D)         0.105     1.550    clk_div_inst/count_reg[8]
  -------------------------------------------------------------------
                         required time                         -1.550    
                         arrival time                           1.813    
  -------------------------------------------------------------------
                         slack                                  0.263    

Slack (MET) :             0.264ns  (arrival time - required time)
  Source:                 clk_div_inst/clk_d_reg/C
                            (rising edge-triggered cell FDRE clocked by sys_clk_pin  {rise@0.000ns fall@5.000ns period=10.000ns})
  Destination:            clk_div_inst/clk_d_reg/D
                            (rising edge-triggered cell FDRE clocked by sys_clk_pin  {rise@0.000ns fall@5.000ns period=10.000ns})
  Path Group:             sys_clk_pin
  Path Type:              Hold (Min at Fast Process Corner)
  Requirement:            0.000ns  (sys_clk_pin rise@0.000ns - sys_clk_pin rise@0.000ns)
  Data Path Delay:        0.384ns  (logic 0.209ns (54.384%)  route 0.175ns (45.616%))
  Logic Levels:           1  (LUT2=1)
  Clock Path Skew:        0.000ns (DCD - SCD - CPR)
    Destination Clock Delay (DCD):    1.958ns
    Source Clock Delay      (SCD):    1.445ns
    Clock Pessimism Removal (CPR):    0.513ns

    Location             Delay type                Incr(ns)  Path(ns)    Netlist Resource(s)
  -------------------------------------------------------------------    -------------------
                         (clock sys_clk_pin rise edge)
                                                      0.000     0.000 r  
    W5                                                0.000     0.000 r  clk (IN)
                         net (fo=0)                   0.000     0.000    clk
    W5                   IBUF (Prop_ibuf_I_O)         0.226     0.226 r  clk_IBUF_inst/O
                         net (fo=1, routed)           0.631     0.858    clk_IBUF
    BUFGCTRL_X0Y1        BUFG (Prop_bufg_I_O)         0.026     0.884 r  clk_IBUF_BUFG_inst/O
                         net (fo=45, routed)          0.562     1.445    clk_div_inst/clk_IBUF_BUFG
    SLICE_X34Y46         FDRE                                         r  clk_div_inst/clk_d_reg/C
  -------------------------------------------------------------------    -------------------
    SLICE_X34Y46         FDRE (Prop_fdre_C_Q)         0.164     1.609 r  clk_div_inst/clk_d_reg/Q
                         net (fo=2, routed)           0.175     1.784    clk_div_inst/clk_slow
    SLICE_X34Y46         LUT2 (Prop_lut2_I1_O)        0.045     1.829 r  clk_div_inst/clk_d_i_1/O
                         net (fo=1, routed)           0.000     1.829    clk_div_inst/clk_d_i_1_n_0
    SLICE_X34Y46         FDRE                                         r  clk_div_inst/clk_d_reg/D
  -------------------------------------------------------------------    -------------------

                         (clock sys_clk_pin rise edge)
                                                      0.000     0.000 r  
    W5                                                0.000     0.000 r  clk (IN)
                         net (fo=0)                   0.000     0.000    clk
    W5                   IBUF (Prop_ibuf_I_O)         0.414     0.414 r  clk_IBUF_inst/O
                         net (fo=1, routed)           0.685     1.099    clk_IBUF
    BUFGCTRL_X0Y1        BUFG (Prop_bufg_I_O)         0.029     1.128 r  clk_IBUF_BUFG_inst/O
                         net (fo=45, routed)          0.831     1.958    clk_div_inst/clk_IBUF_BUFG
    SLICE_X34Y46         FDRE                                         r  clk_div_inst/clk_d_reg/C
                         clock pessimism             -0.513     1.445    
    SLICE_X34Y46         FDRE (Hold_fdre_C_D)         0.120     1.565    clk_div_inst/clk_d_reg
  -------------------------------------------------------------------
                         required time                         -1.565    
                         arrival time                           1.829    
  -------------------------------------------------------------------
                         slack                                  0.264    

Slack (MET) :             0.264ns  (arrival time - required time)
  Source:                 clk_div_inst/count_reg[4]/C
                            (rising edge-triggered cell FDRE clocked by sys_clk_pin  {rise@0.000ns fall@5.000ns period=10.000ns})
  Destination:            clk_div_inst/count_reg[4]/D
                            (rising edge-triggered cell FDRE clocked by sys_clk_pin  {rise@0.000ns fall@5.000ns period=10.000ns})
  Path Group:             sys_clk_pin
  Path Type:              Hold (Min at Fast Process Corner)
  Requirement:            0.000ns  (sys_clk_pin rise@0.000ns - sys_clk_pin rise@0.000ns)
  Data Path Delay:        0.369ns  (logic 0.249ns (67.424%)  route 0.120ns (32.576%))
  Logic Levels:           1  (CARRY4=1)
  Clock Path Skew:        0.000ns (DCD - SCD - CPR)
    Destination Clock Delay (DCD):    1.957ns
    Source Clock Delay      (SCD):    1.444ns
    Clock Pessimism Removal (CPR):    0.513ns

    Location             Delay type                Incr(ns)  Path(ns)    Netlist Resource(s)
  -------------------------------------------------------------------    -------------------
                         (clock sys_clk_pin rise edge)
                                                      0.000     0.000 r  
    W5                                                0.000     0.000 r  clk (IN)
                         net (fo=0)                   0.000     0.000    clk
    W5                   IBUF (Prop_ibuf_I_O)         0.226     0.226 r  clk_IBUF_inst/O
                         net (fo=1, routed)           0.631     0.858    clk_IBUF
    BUFGCTRL_X0Y1        BUFG (Prop_bufg_I_O)         0.026     0.884 r  clk_IBUF_BUFG_inst/O
                         net (fo=45, routed)          0.561     1.444    clk_div_inst/clk_IBUF_BUFG
    SLICE_X35Y42         FDRE                                         r  clk_div_inst/count_reg[4]/C
  -------------------------------------------------------------------    -------------------
    SLICE_X35Y42         FDRE (Prop_fdre_C_Q)         0.141     1.585 r  clk_div_inst/count_reg[4]/Q
                         net (fo=2, routed)           0.120     1.705    clk_div_inst/count_reg_n_0_[4]
    SLICE_X35Y42         CARRY4 (Prop_carry4_S[3]_O[3])
                                                      0.108     1.813 r  clk_div_inst/count_reg[4]_i_1/O[3]
                         net (fo=1, routed)           0.000     1.813    clk_div_inst/data0[4]
    SLICE_X35Y42         FDRE                                         r  clk_div_inst/count_reg[4]/D
  -------------------------------------------------------------------    -------------------

                         (clock sys_clk_pin rise edge)
                                                      0.000     0.000 r  
    W5                                                0.000     0.000 r  clk (IN)
                         net (fo=0)                   0.000     0.000    clk
    W5                   IBUF (Prop_ibuf_I_O)         0.414     0.414 r  clk_IBUF_inst/O
                         net (fo=1, routed)           0.685     1.099    clk_IBUF
    BUFGCTRL_X0Y1        BUFG (Prop_bufg_I_O)         0.029     1.128 r  clk_IBUF_BUFG_inst/O
                         net (fo=45, routed)          0.830     1.957    clk_div_inst/clk_IBUF_BUFG
    SLICE_X35Y42         FDRE                                         r  clk_div_inst/count_reg[4]/C
                         clock pessimism             -0.513     1.444    
    SLICE_X35Y42         FDRE (Hold_fdre_C_D)         0.105     1.549    clk_div_inst/count_reg[4]
  -------------------------------------------------------------------
                         required time                         -1.549    
                         arrival time                           1.813    
  -------------------------------------------------------------------
                         slack                                  0.264    

Slack (MET) :             0.265ns  (arrival time - required time)
  Source:                 clk_div_inst/count_reg[5]/C
                            (rising edge-triggered cell FDRE clocked by sys_clk_pin  {rise@0.000ns fall@5.000ns period=10.000ns})
  Destination:            clk_div_inst/count_reg[5]/D
                            (rising edge-triggered cell FDRE clocked by sys_clk_pin  {rise@0.000ns fall@5.000ns period=10.000ns})
  Path Group:             sys_clk_pin
  Path Type:              Hold (Min at Fast Process Corner)
  Requirement:            0.000ns  (sys_clk_pin rise@0.000ns - sys_clk_pin rise@0.000ns)
  Data Path Delay:        0.370ns  (logic 0.256ns (69.181%)  route 0.114ns (30.819%))
  Logic Levels:           1  (CARRY4=1)
  Clock Path Skew:        0.000ns (DCD - SCD - CPR)
    Destination Clock Delay (DCD):    1.958ns
    Source Clock Delay      (SCD):    1.445ns
    Clock Pessimism Removal (CPR):    0.513ns

    Location             Delay type                Incr(ns)  Path(ns)    Netlist Resource(s)
  -------------------------------------------------------------------    -------------------
                         (clock sys_clk_pin rise edge)
                                                      0.000     0.000 r  
    W5                                                0.000     0.000 r  clk (IN)
                         net (fo=0)                   0.000     0.000    clk
    W5                   IBUF (Prop_ibuf_I_O)         0.226     0.226 r  clk_IBUF_inst/O
                         net (fo=1, routed)           0.631     0.858    clk_IBUF
    BUFGCTRL_X0Y1        BUFG (Prop_bufg_I_O)         0.026     0.884 r  clk_IBUF_BUFG_inst/O
                         net (fo=45, routed)          0.562     1.445    clk_div_inst/clk_IBUF_BUFG
    SLICE_X35Y43         FDRE                                         r  clk_div_inst/count_reg[5]/C
  -------------------------------------------------------------------    -------------------
    SLICE_X35Y43         FDRE (Prop_fdre_C_Q)         0.141     1.586 r  clk_div_inst/count_reg[5]/Q
                         net (fo=2, routed)           0.114     1.700    clk_div_inst/count_reg_n_0_[5]
    SLICE_X35Y43         CARRY4 (Prop_carry4_S[0]_O[0])
                                                      0.115     1.815 r  clk_div_inst/count_reg[8]_i_1/O[0]
                         net (fo=1, routed)           0.000     1.815    clk_div_inst/data0[5]
    SLICE_X35Y43         FDRE                                         r  clk_div_inst/count_reg[5]/D
  -------------------------------------------------------------------    -------------------

                         (clock sys_clk_pin rise edge)
                                                      0.000     0.000 r  
    W5                                                0.000     0.000 r  clk (IN)
                         net (fo=0)                   0.000     0.000    clk
    W5                   IBUF (Prop_ibuf_I_O)         0.414     0.414 r  clk_IBUF_inst/O
                         net (fo=1, routed)           0.685     1.099    clk_IBUF
    BUFGCTRL_X0Y1        BUFG (Prop_bufg_I_O)         0.029     1.128 r  clk_IBUF_BUFG_inst/O
                         net (fo=45, routed)          0.831     1.958    clk_div_inst/clk_IBUF_BUFG
    SLICE_X35Y43         FDRE                                         r  clk_div_inst/count_reg[5]/C
                         clock pessimism             -0.513     1.445    
    SLICE_X35Y43         FDRE (Hold_fdre_C_D)         0.105     1.550    clk_div_inst/count_reg[5]
  -------------------------------------------------------------------
                         required time                         -1.550    
                         arrival time                           1.815    
  -------------------------------------------------------------------
                         slack                                  0.265    

Slack (MET) :             0.267ns  (arrival time - required time)
  Source:                 clk_div_inst/count_reg[11]/C
                            (rising edge-triggered cell FDRE clocked by sys_clk_pin  {rise@0.000ns fall@5.000ns period=10.000ns})
  Destination:            clk_div_inst/count_reg[11]/D
                            (rising edge-triggered cell FDRE clocked by sys_clk_pin  {rise@0.000ns fall@5.000ns period=10.000ns})
  Path Group:             sys_clk_pin
  Path Type:              Hold (Min at Fast Process Corner)
  Requirement:            0.000ns  (sys_clk_pin rise@0.000ns - sys_clk_pin rise@0.000ns)
  Data Path Delay:        0.372ns  (logic 0.252ns (67.654%)  route 0.120ns (32.346%))
  Logic Levels:           1  (CARRY4=1)
  Clock Path Skew:        0.000ns (DCD - SCD - CPR)
    Destination Clock Delay (DCD):    1.958ns
    Source Clock Delay      (SCD):    1.445ns
    Clock Pessimism Removal (CPR):    0.513ns

    Location             Delay type                Incr(ns)  Path(ns)    Netlist Resource(s)
  -------------------------------------------------------------------    -------------------
                         (clock sys_clk_pin rise edge)
                                                      0.000     0.000 r  
    W5                                                0.000     0.000 r  clk (IN)
                         net (fo=0)                   0.000     0.000    clk
    W5                   IBUF (Prop_ibuf_I_O)         0.226     0.226 r  clk_IBUF_inst/O
                         net (fo=1, routed)           0.631     0.858    clk_IBUF
    BUFGCTRL_X0Y1        BUFG (Prop_bufg_I_O)         0.026     0.884 r  clk_IBUF_BUFG_inst/O
                         net (fo=45, routed)          0.562     1.445    clk_div_inst/clk_IBUF_BUFG
    SLICE_X35Y44         FDRE                                         r  clk_div_inst/count_reg[11]/C
  -------------------------------------------------------------------    -------------------
    SLICE_X35Y44         FDRE (Prop_fdre_C_Q)         0.141     1.586 r  clk_div_inst/count_reg[11]/Q
                         net (fo=2, routed)           0.120     1.707    clk_div_inst/count_reg_n_0_[11]
    SLICE_X35Y44         CARRY4 (Prop_carry4_S[2]_O[2])
                                                      0.111     1.818 r  clk_div_inst/count_reg[12]_i_1/O[2]
                         net (fo=1, routed)           0.000     1.818    clk_div_inst/data0[11]
    SLICE_X35Y44         FDRE                                         r  clk_div_inst/count_reg[11]/D
  -------------------------------------------------------------------    -------------------

                         (clock sys_clk_pin rise edge)
                                                      0.000     0.000 r  
    W5                                                0.000     0.000 r  clk (IN)
                         net (fo=0)                   0.000     0.000    clk
    W5                   IBUF (Prop_ibuf_I_O)         0.414     0.414 r  clk_IBUF_inst/O
                         net (fo=1, routed)           0.685     1.099    clk_IBUF
    BUFGCTRL_X0Y1        BUFG (Prop_bufg_I_O)         0.029     1.128 r  clk_IBUF_BUFG_inst/O
                         net (fo=45, routed)          0.831     1.958    clk_div_inst/clk_IBUF_BUFG
    SLICE_X35Y44         FDRE                                         r  clk_div_inst/count_reg[11]/C
                         clock pessimism             -0.513     1.445    
    SLICE_X35Y44         FDRE (Hold_fdre_C_D)         0.105     1.550    clk_div_inst/count_reg[11]
  -------------------------------------------------------------------
                         required time                         -1.550    
                         arrival time                           1.818    
  -------------------------------------------------------------------
                         slack                                  0.267    





Pulse Width Checks
--------------------------------------------------------------------------------------
Clock Name:         sys_clk_pin
Waveform(ns):       { 0.000 5.000 }
Period(ns):         10.000
Sources:            { clk }

Check Type        Corner  Lib Pin  Reference Pin  Required(ns)  Actual(ns)  Slack(ns)  Location       Pin
Min Period        n/a     BUFG/I   n/a            2.155         10.000      7.845      BUFGCTRL_X0Y1  clk_IBUF_BUFG_inst/I
Min Period        n/a     FDRE/C   n/a            1.000         10.000      9.000      SLICE_X34Y46   clk_div_inst/clk_d_reg/C
Min Period        n/a     FDRE/C   n/a            1.000         10.000      9.000      SLICE_X34Y44   clk_div_inst/count_reg[0]/C
Min Period        n/a     FDRE/C   n/a            1.000         10.000      9.000      SLICE_X35Y44   clk_div_inst/count_reg[10]/C
Min Period        n/a     FDRE/C   n/a            1.000         10.000      9.000      SLICE_X35Y44   clk_div_inst/count_reg[11]/C
Min Period        n/a     FDRE/C   n/a            1.000         10.000      9.000      SLICE_X35Y44   clk_div_inst/count_reg[12]/C
Min Period        n/a     FDRE/C   n/a            1.000         10.000      9.000      SLICE_X35Y45   clk_div_inst/count_reg[13]/C
Min Period        n/a     FDRE/C   n/a            1.000         10.000      9.000      SLICE_X35Y45   clk_div_inst/count_reg[14]/C
Min Period        n/a     FDRE/C   n/a            1.000         10.000      9.000      SLICE_X35Y45   clk_div_inst/count_reg[15]/C
Min Period        n/a     FDRE/C   n/a            1.000         10.000      9.000      SLICE_X35Y45   clk_div_inst/count_reg[16]/C
Low Pulse Width   Slow    FDRE/C   n/a            0.500         5.000       4.500      SLICE_X34Y46   clk_div_inst/clk_d_reg/C
Low Pulse Width   Fast    FDRE/C   n/a            0.500         5.000       4.500      SLICE_X34Y46   clk_div_inst/clk_d_reg/C
Low Pulse Width   Slow    FDRE/C   n/a            0.500         5.000       4.500      SLICE_X34Y44   clk_div_inst/count_reg[0]/C
Low Pulse Width   Fast    FDRE/C   n/a            0.500         5.000       4.500      SLICE_X34Y44   clk_div_inst/count_reg[0]/C
Low Pulse Width   Slow    FDRE/C   n/a            0.500         5.000       4.500      SLICE_X35Y44   clk_div_inst/count_reg[10]/C
Low Pulse Width   Fast    FDRE/C   n/a            0.500         5.000       4.500      SLICE_X35Y44   clk_div_inst/count_reg[10]/C
Low Pulse Width   Slow    FDRE/C   n/a            0.500         5.000       4.500      SLICE_X35Y44   clk_div_inst/count_reg[11]/C
Low Pulse Width   Fast    FDRE/C   n/a            0.500         5.000       4.500      SLICE_X35Y44   clk_div_inst/count_reg[11]/C
Low Pulse Width   Slow    FDRE/C   n/a            0.500         5.000       4.500      SLICE_X35Y44   clk_div_inst/count_reg[12]/C
Low Pulse Width   Fast    FDRE/C   n/a            0.500         5.000       4.500      SLICE_X35Y44   clk_div_inst/count_reg[12]/C
High Pulse Width  Slow    FDRE/C   n/a            0.500         5.000       4.500      SLICE_X63Y2    seg_inst/count_mux_reg[0]/C
High Pulse Width  Slow    FDRE/C   n/a            0.500         5.000       4.500      SLICE_X65Y4    seg_inst/count_mux_reg[10]/C
High Pulse Width  Slow    FDRE/C   n/a            0.500         5.000       4.500      SLICE_X65Y4    seg_inst/count_mux_reg[11]/C
High Pulse Width  Slow    FDRE/C   n/a            0.500         5.000       4.500      SLICE_X65Y4    seg_inst/count_mux_reg[12]/C
High Pulse Width  Slow    FDRE/C   n/a            0.500         5.000       4.500      SLICE_X65Y4    seg_inst/count_mux_reg[13]/C
High Pulse Width  Slow    FDRE/C   n/a            0.500         5.000       4.500      SLICE_X65Y5    seg_inst/count_mux_reg[14]/C
High Pulse Width  Slow    FDRE/C   n/a            0.500         5.000       4.500      SLICE_X65Y5    seg_inst/count_mux_reg[15]/C
High Pulse Width  Slow    FDRE/C   n/a            0.500         5.000       4.500      SLICE_X63Y2    seg_inst/count_mux_reg[1]/C
High Pulse Width  Slow    FDRE/C   n/a            0.500         5.000       4.500      SLICE_X65Y2    seg_inst/count_mux_reg[2]/C
High Pulse Width  Slow    FDRE/C   n/a            0.500         5.000       4.500      SLICE_X65Y2    seg_inst/count_mux_reg[3]/C



